Cuenta,Tipo de gasto,Gasto
603-0001-0000,Sueldos y Salarios Administrativos,"326,332.67"
603-0002-0000,IVA Gastos de Adminstracion,"394,422.36"
603-0003-0000,Impuestos,"686,071.08"
603-0004-0000,Depreciaciones y Amortizaciones,"1,648,662.27"
603-0005-0000,Gastos de Oficina,"141,832.38"
603-0006-0000,Cuotas y Suscripciones (Empresas),"1,588,800.00"
603-0007-0000,Propaganda y Publicidad,"246,656.01"
603-0008-0000,Honorarios,"162,993.99"
603-0009-0000,Gastos Departamentos Varios,"21,448.92"
603-0010-0000,Mantenimientos Generales,"30,054.94"
603-0011-0000,Eventos,"7,294.89"
603-0012-0000,Seguros,0
603-0013-0000,No Deducibles,"19,381.49"
603-0014-0000,Gasolina,"13,776.88"
603-0016-0000,Monitoreo y Mantenimiento de Cámaras,"46,500.00"
603-0017-0000,Uniformes,0
603-0019-0000,Comision por dispersion de vales de despensa,"4,743.64"
603-0020-0000,Siniestros (ND),"524,780.00"
603-0022-0000,Administracion de ruta transporte (Recaudo),"1,851,745.32"
603-0001-0000,Sueldos y Salarios Administrativos,"326,786.26"
603-0002-0000,IVA Gastos de Adminstracion,"485,183.45"
603-0003-0000,Impuestos,"1,758,874.24"
603-0004-0000,Depreciaciones y Amortizaciones,"1,622,615.05"
603-0005-0000,Gastos de Oficina,"160,287.74"
603-0006-0000,Cuotas y Suscripciones (Empresas),"1,294,400.00"
603-0007-0000,Propaganda y Publicidad,"246,656.01"
603-0008-0000,Honorarios,"645,200.50"
603-0009-0000,Gastos Departamentos Varios,"60,870.67"
603-0010-0000,Mantenimientos Generales,"15,960.85"
603-0011-0000,Eventos,0
603-0012-0000,Seguros,"88,370.69"
603-0013-0000,No Deducibles,"254,993.48"
603-0014-0000,Gasolina,"23,442.96"
603-0016-0000,Monitoreo y Mantenimiento de Cámaras,"46,500.00"
603-0017-0000,Uniformes,0
603-0019-0000,Comision por dispersion de vales de despensa,"4,697.47"
603-0020-0000,Siniestros (ND),"908,288.00"
603-0022-0000,Administracion de ruta transporte (Recaudo),"1,504,603.35"
603-0001-0000,Sueldos y Salarios Administrativos,"347,632.03"
603-0002-0000,IVA Gastos de Adminstracion,"541,919.69"
603-0003-0000,Impuestos,"676,599.90"
603-0004-0000,Depreciaciones y Amortizaciones,"1,622,615.05"
603-0005-0000,Gastos de Oficina,"158,868.50"
603-0006-0000,Cuotas y Suscripciones (Empresas),"1,294,460.00"
603-0007-0000,Propaganda y Publicidad,"130,000.00"
603-0008-0000,Honorarios,"628,601.20"
603-0009-0000,Gastos Departamentos Varios,"47,852.92"
603-0010-0000,Mantenimientos Generales,"13,722.65"
603-0011-0000,Eventos,"7,243.79"
603-0012-0000,Seguros,"666,712.54"
603-0013-0000,No Deducibles,"4,966.18"
603-0014-0000,Gasolina,"18,448.92"
603-0016-0000,Monitoreo y Mantenimiento de Cámaras,"46,500.00"
603-0017-0000,Uniformes,0
603-0019-0000,Comision por dispersion de vales de despensa,"4,796.07"
603-0020-0000,Siniestros (ND),"441,448.00"
603-0022-0000,Administracion de ruta transporte (Recaudo),"1,906,963.50"
603-0001-0000,Sueldos y Salarios Administrativos,"367,442.92"
603-0002-0000,IVA Gastos de Adminstracion,"427,372.03"
603-0003-0000,Impuestos,"1,781,046.86"
603-0004-0000,Depreciaciones y Amortizaciones,"1,590,755.53"
603-0005-0000,Gastos de Oficina,"179,288.82"
603-0006-0000,Cuotas y Suscripciones (Empresas),"1,591,520.00"
603-0007-0000,Propaganda y Publicidad,"60,000.00"
603-0008-0000,Honorarios,"132,753.20"
603-0009-0000,Gastos Departamentos Varios,"9,385.13"
603-0010-0000,Mantenimientos Generales,"43,593.39"
603-0011-0000,Eventos,0
603-0012-0000,Seguros,0
603-0013-0000,No Deducibles,"71,236.96"
603-0014-0000,Gasolina,"16,077.41"
603-0016-0000,Monitoreo y Mantenimiento de Cámaras,"46,500.00"
603-0017-0000,Uniformes,"1,740.00"
603-0019-0000,Comision por dispersion de vales de despensa,"4,866.80"
603-0020-0000,Siniestros (ND),"705,217.93"
603-0022-0000,Administracion de ruta transporte (Recaudo),"2,231,330.91"
603-0001-0000,Sueldos y Salarios Administrativos,"410,780.34"
603-0002-0000,IVA Gastos de Adminstracion,"363,406.04"
603-0003-0000,Impuestos,"701,659.39"
603-0004-0000,Depreciaciones y Amortizaciones,"1,590,755.53"
603-0005-0000,Gastos de Oficina,"155,025.22"
603-0006-0000,Cuotas y Suscripciones (Empresas),"1,291,760.00"
603-0007-0000,Propaganda y Publicidad,"77,235.34"
603-0008-0000,Honorarios,"158,484.33"
603-0009-0000,Gastos Departamentos Varios,"33,461.14"
603-0010-0000,Mantenimientos Generales,"20,187.71"
603-0011-0000,Eventos,"7,000.00"
603-0012-0000,Seguros,0
603-0013-0000,No Deducibles,"35,275.31"
603-0014-0000,Gasolina,"20,749.69"
603-0016-0000,Monitoreo y Mantenimiento de Cámaras,"46,500.00"
603-0017-0000,Uniformes,0
603-0019-0000,Comision por dispersion de vales de despensa,"5,015.31"
603-0020-0000,Siniestros (ND),"440,000.00"
603-0022-0000,Administracion de ruta transporte (Recaudo),"1,809,804.15"
603-0001-0000,Sueldos y Salarios Administrativos,"585,409.01"
603-0002-0000,IVA Gastos de Adminstracion,"456,694.29"
603-0003-0000,Impuestos,"1,888,975.23"
603-0004-0000,Depreciaciones y Amortizaciones,"1,590,755.53"
603-0005-0000,Gastos de Oficina,"124,013.36"
603-0006-0000,Cuotas y Suscripciones (Empresas),"1,644,800.00"
603-0007-0000,Propaganda y Publicidad,"60,000.00"
603-0008-0000,Honorarios,"75,190.65"
603-0009-0000,Gastos Departamentos Varios,"29,042.00"
603-0010-0000,Mantenimientos Generales,"57,954.89"
603-0011-0000,Eventos,"106,348.00"
603-0012-0000,Seguros,0
603-0013-0000,No Deducibles,"619,896.69"
603-0014-0000,Gasolina,"17,767.12"
603-0016-0000,Monitoreo y Mantenimiento de Cámaras,"46,500.00"
603-0017-0000,Uniformes,0
603-0019-0000,Comision por dispersion de vales de despensa,"4,960.80"
603-0020-0000,Siniestros (ND),"600,000.00"
603-0022-0000,Administracion de ruta transporte (Recaudo),"2,368,628.16"
603-0100-0000,PTU por Repartir,"2,612,831.68"
603-0001-0000,Sueldos y Salarios Administrativos,"371,793.93"
603-0002-0000,IVA Gastos de Adminstracion,"330,762.04"
603-0003-0000,Impuestos,"763,409.00"
603-0004-0000,Depreciaciones y Amortizaciones,"1,582,950.12"
603-0005-0000,Gastos de Oficina,"173,168.41"
603-0006-0000,Cuotas y Suscripciones (Empresas),"1,294,840.00"
603-0007-0000,Propaganda y Publicidad,"60,000.00"
603-0008-0000,Honorarios,"189,510.13"
603-0009-0000,Gastos Departamentos Varios,"34,205.95"
603-0010-0000,Mantenimientos Generales,"16,063.38"
603-0011-0000,Eventos,"17,350.00"
603-0013-0000,No Deducibles,"109,289.00"
603-0014-0000,Gasolina,"14,429.65"
603-0016-0000,Monitoreo y Mantenimiento de Cámaras,"50,314.66"
603-0018-0000,Convenio Laboral (ND),"48,333.00"
603-0019-0000,Comision por dispersion de vales de despensa,"4,820.61"
603-0020-0000,Siniestros (ND),"537,025.50"
603-0022-0000,Administracion de ruta transporte (Recaudo),"1,600,944.18"
603-0001-0000,Sueldos y Salarios Administrativos,"577,784.75"
603-0002-0000,IVA Gastos de Adminstracion,"358,643.84"
603-0003-0000,Impuestos,"1,698,408.18"
603-0004-0000,Depreciaciones y Amortizaciones,"1,587,688.12"
603-0005-0000,Gastos de Oficina,"142,403.80"
603-0006-0000,Cuotas y Suscripciones (Empresas),"1,978,783.03"
603-0007-0000,Propaganda y Publicidad,"60,000.00"
603-0008-0000,Honorarios,"97,841.98"
603-0009-0000,Gastos Departamentos Varios,"6,717.00"
603-0010-0000,Mantenimientos Generales,"27,923.99"
603-0011-0000,Eventos,0
603-0012-0000,Seguros,"51,685.51"
603-0013-0000,No Deducibles,"54,283.57"
603-0014-0000,Gasolina,"24,155.63"
603-0016-0000,Monitoreo y Mantenimiento de Cámaras,"46,500.00"
603-0017-0000,Uniformes,"2,818.00"
603-0018-0000,Convenio Laboral (ND),"183,333.33"
603-0019-0000,Comision por dispersion de vales de despensa,"4,911.31"
603-0020-0000,Siniestros (ND),"595,612.50"
603-0022-0000,Administracion de ruta transporte (Recaudo),"1,810,530.33"
603-0001-0000,Sueldos y Salarios Administrativos,"394,498.44"
603-0002-0000,IVA Gastos de Adminstracion,"530,774.10"
603-0003-0000,Impuestos,"1,732,495.58"
603-0004-0000,Depreciaciones y Amortizaciones,"1,584,414.54"
603-0005-0000,Gastos de Oficina,"192,404.41"
603-0006-0000,Cuotas y Suscripciones (Empresas),"1,286,260.00"
603-0007-0000,Propaganda y Publicidad,"445,980.00"
603-0008-0000,Honorarios,"114,354.92"
603-0009-0000,Gastos Departamentos Varios,"119,482.68"
603-0010-0000,Mantenimientos Generales,"120,902.63"
603-0011-0000,Eventos,0
603-0012-0000,Seguros,0
603-0013-0000,No Deducibles,"119,027.15"
603-0014-0000,Gasolina,"18,930.26"
603-0016-0000,Monitoreo y Mantenimiento de Cámaras,"46,500.00"
603-0017-0000,Uniformes,0
603-0018-0000,Convenio Laboral (ND),"183,333.33"
603-0019-0000,Comision por dispersion de vales de despensa,"5,032.76"
603-0020-0000,Siniestros (ND),"340,000.00"
603-0022-0000,Administracion de ruta transporte (Recaudo),"2,426,245.69"
603-0001-0000,Sueldos y Salarios Administrativos,"487,694.29"
603-0002-0000,IVA Gastos de Adminstracion,"353,216.43"
603-0003-0000,Impuestos,"890,662.28"
603-0004-0000,Depreciaciones y Amortizaciones,"1,584,504.84"
603-0005-0000,Gastos de Oficina,"146,095.17"
603-0006-0000,Cuotas y Suscripciones (Empresas),"1,594,720.00"
603-0007-0000,Propaganda y Publicidad,"60,000.00"
603-0008-0000,Honorarios,"209,965.28"
603-0009-0000,Gastos Departamentos Varios,"15,086.45"
603-0010-0000,Mantenimientos Generales,"20,063.95"
603-0011-0000,Eventos,0
603-0012-0000,Seguros,0
603-0013-0000,No Deducibles,"172,624.75"
603-0014-0000,Gasolina,"16,941.56"
603-0016-0000,Monitoreo y Mantenimiento de Cámaras,"46,500.00"
603-0017-0000,Uniformes,0
603-0018-0000,Convenio Laboral (ND),"50,000.00"
603-0019-0000,Comision por dispersion de vales de despensa,"5,130.94"
603-0020-0000,Siniestros (ND),"513,000.00"
603-0022-0000,Administracion de ruta transporte (Recaudo),"1,710,001.14"
603-0023-0000,Facilidades Administrativas,"4,056.00"
603-0001-0000,Sueldos y Salarios Administrativos,"459,889.23"
603-0002-0000,IVA Gastos de Adminstracion,"499,267.53"
603-0003-0000,Impuestos,"1,348,345.48"
603-0004-0000,Depreciaciones y Amortizaciones,"1,586,035.35"
603-0005-0000,Gastos de Oficina,"177,312.35"
603-0006-0000,Cuotas y Suscripciones (Empresas),"1,295,400.00"
603-0007-0000,Propaganda y Publicidad,"60,000.00"
603-0008-0000,Honorarios,"251,228.32"
603-0009-0000,Gastos Departamentos Varios,"18,897.00"
603-0010-0000,Mantenimientos Generales,"64,241.84"
603-0011-0000,Eventos,0
603-0012-0000,Seguros,0
603-0013-0000,No Deducibles,"20,722.87"
603-0014-0000,Gasolina,"24,605.63"
603-0016-0000,Monitoreo y Mantenimiento de Cámaras,"46,500.00"
603-0017-0000,Uniformes,0
603-0018-0000,Convenio Laboral (ND),0
603-0019-0000,Comision por dispersion de vales de despensa,"5,172.55"
603-0020-0000,Siniestros (ND),"667,000.00"
603-0022-0000,Administracion de ruta transporte (Recaudo),"1,916,676.30"
603-0023-0000,Facilidades Administrativas,"49,757.00"
603-0001-0000,Sueldos y Salarios Administrativos,"460,029.18"
603-0002-0000,IVA Gastos de Adminstracion,"347,596.70"
603-0003-0000,Impuestos,"1,358,052.14"
603-0004-0000,Depreciaciones y Amortizaciones,"1,586,143.50"
603-0005-0000,Gastos de Oficina,"220,570.71"
603-0006-0000,Cuotas y Suscripciones (Empresas),"1,279,260.00"
603-0007-0000,Propaganda y Publicidad,"60,000.00"
603-0008-0000,Honorarios,"78,615.58"
603-0009-0000,Gastos Departamentos Varios,"50,597.00"
603-0010-0000,Mantenimientos Generales,"55,305.16"
603-0011-0000,Eventos,0
603-0012-0000,Seguros,0
603-0013-0000,No Deducibles,"110,194.68"
603-0014-0000,Gasolina,"21,201.39"
603-0016-0000,Monitoreo y Mantenimiento de Cámaras,"46,500.00"
603-0017-0000,Uniformes,0
603-0018-0000,Convenio Laboral (ND),0
603-0019-0000,Comision por dispersion de vales de despensa,"5,175.87"
603-0020-0000,Siniestros (ND),"350,180.00"
603-0022-0000,Administracion de ruta transporte (Recaudo),"1,762,455.39"
603-0023-0000,Facilidades Administrativas,"117,273.00"
603-0001-0000,Sueldos y Salarios Administrativos,"478,540.27"
603-0002-0000,IVA Gastos de Adminstracion,"384,898.10"
603-0003-0000,Impuestos,"1,384,714.86"
603-0004-0000,Depreciaciones y Amortizaciones,"1,584,956.09"
603-0005-0000,Gastos de Oficina,"220,766.63"
603-0006-0000,Cuotas y Suscripciones (Empresas),"1,591,020.00"
603-0007-0000,Propaganda y Publicidad,"60,000.00"
603-0008-0000,Honorarios,"333,468.11"
603-0009-0000,Gastos Departamentos Varios,"10,777.00"
603-0010-0000,Mantenimientos Generales,"39,413.56"
603-0011-0000,Eventos,0
603-0012-0000,Seguros,0
603-0013-0000,No Deducibles,"2,192.64"
603-0014-0000,Gasolina,"28,556.96"
603-0016-0000,Monitoreo y Mantenimiento de Cámaras,"46,500.00"
603-0017-0000,Uniformes,"14,576.00"
603-0018-0000,Convenio Laboral (ND),"99,999.00"
603-0019-0000,Comision por dispersion de vales de despensa,"5,172.96"
603-0020-0000,Siniestros (ND),"1,204,500.00"
603-0022-0000,Administracion de ruta transporte (Recaudo),"1,869,234.91"
603-0023-0000,Facilidades Administrativas,"140,043.00"
603-0001-0000,Sueldos y Salarios Administrativos,"558,759.31"
603-0002-0000,IVA Gastos de Adminstracion,"431,726.29"
603-0003-0000,Impuestos,"1,444,624.69"
603-0004-0000,Depreciaciones y Amortizaciones,"1,585,024.13"
603-0005-0000,Gastos de Oficina,"321,811.13"
603-0006-0000,Cuotas y Suscripciones (Empresas),"1,293,520.00"
603-0007-0000,Propaganda y Publicidad,"60,000.00"
603-0008-0000,Honorarios,"65,108.04"
603-0009-0000,Gastos Departamentos Varios,"3,132.00"
603-0010-0000,Mantenimientos Generales,"42,636.16"
603-0011-0000,Eventos,"1,292.24"
603-0012-0000,Seguros,0
603-0013-0000,No Deducibles,"39,823.48"
603-0014-0000,Gasolina,"13,845.80"
603-0016-0000,Monitoreo y Mantenimiento de Cámaras,"46,500.00"
603-0017-0000,Uniformes,"2,676.05"
603-0018-0000,Convenio Laboral (ND),"120,000.00"
603-0019-0000,Comision por dispersion de vales de despensa,"5,214.56"
603-0020-0000,Siniestros (ND),"275,000.00"
603-0022-0000,Administracion de ruta transporte (Recaudo),"2,149,852.84"
603-0023-0000,Facilidades Administrativas,"49,433.00"
603-0001-0000,Sueldos y Salarios Administrativos,"742,134.73"
603-0002-0000,IVA Gastos de Adminstracion,"389,863.44"
603-0003-0000,Impuestos,"1,409,092.24"
603-0004-0000,Depreciaciones y Amortizaciones,"1,588,603.08"
603-0005-0000,Gastos de Oficina,"176,347.37"
603-0006-0000,Cuotas y Suscripciones (Empresas),"1,595,500.00"
603-0007-0000,Propaganda y Publicidad,"60,000.00"
603-0008-0000,Honorarios,"104,500.14"
603-0009-0000,Gastos Departamentos Varios,"2,088.00"
603-0010-0000,Mantenimientos Generales,"69,999.84"
603-0011-0000,Eventos,0
603-0012-0000,Seguros,0
603-0013-0000,No Deducibles,"5,945.65"
603-0014-0000,Gasolina,"8,532.70"
603-0016-0000,Monitoreo y Mantenimiento de Cámaras,"46,500.00"
603-0017-0000,Uniformes,0
603-0018-0000,Convenio Laboral (ND),"80,000.00"
603-0019-0000,Comision por dispersion de vales de despensa,"5,221.21"
603-0020-0000,Siniestros (ND),"560,200.00"
603-0022-0000,Administracion de ruta transporte (Recaudo),"1,951,535.79"
603-0023-0000,Facilidades Administrativas,"142,908.00"
603-0024-0000,Otros Gastos,"810,635.89"
603-0100-0000,PTU por Repartir,"10,967.19"
603-0001-0000,Sueldos y Salarios Administrativos,"534,015.81"
603-0002-0000,IVA Gastos de Adminstracion,"498,911.79"
603-0003-0000,Impuestos,"1,390,747.41"
603-0004-0000,Depreciaciones y Amortizaciones,"1,591,192.83"
603-0005-0000,Gastos de Oficina,"208,738.73"
603-0006-0000,Cuotas y Suscripciones (Empresas),"1,292,640.00"
603-0007-0000,Propaganda y Publicidad,"60,000.00"
603-0008-0000,Honorarios,"204,877.10"
603-0009-0000,Gastos Departamentos Varios,"28,751.36"
603-0010-0000,Mantenimientos Generales,"38,930.20"
603-0011-0000,Eventos,"21,388.10"
603-0012-0000,Seguros,0
603-0013-0000,No Deducibles,"246,603.96"
603-0014-0000,Gasolina,"20,712.18"
603-0016-0000,Monitoreo y Mantenimiento de Cámaras,"46,500.00"
603-0017-0000,Uniformes,0
603-0018-0000,Convenio Laboral (ND),0
603-0019-0000,Comision por dispersion de vales de despensa,"5,140.93"
603-0020-0000,Siniestros (ND),0
603-0022-0000,Administracion de ruta transporte (Recaudo),"2,442,004.83"
603-0023-0000,Facilidades Administrativas,"3,953.00"
603-0024-0000,Otros Gastos,0
603-0100-0000,PTU por Repartir,0
603-0001-0000,Sueldos y Salarios Administrativos,"629,866.94"
603-0002-0000,IVA Gastos de Adminstracion,"410,953.61"
603-0003-0000,Impuestos,"1,466,060.14"
603-0004-0000,Depreciaciones y Amortizaciones,"1,593,295.65"
603-0005-0000,Gastos de Oficina,"610,900.75"
603-0006-0000,Cuotas y Suscripciones (Empresas),"2,900,011.86"
603-0007-0000,Propaganda y Publicidad,"60,000.00"
603-0008-0000,Honorarios,"87,593.93"
603-0009-0000,Gastos Departamentos Varios,0
603-0010-0000,Mantenimientos Generales,"66,653.69"
603-0011-0000,Eventos,"139,274.32"
603-0012-0000,Seguros,"189,054.64"
603-0013-0000,No Deducibles,"138,195.69"
603-0014-0000,Gasolina,"16,352.46"
603-0016-0000,Monitoreo y Mantenimiento de Cámaras,"46,500.00"
603-0017-0000,Uniformes,0
603-0018-0000,Convenio Laboral (ND),"-299,999.00"
603-0019-0000,Comision por dispersion de vales de despensa,"5,114.72"
603-0020-0000,Siniestros (ND),"325,104.00"
603-0022-0000,Administracion de ruta transporte (Recaudo),"1,080,464.83"
603-0023-0000,Facilidades Administrativas,"99,185.00"
603-0024-0000,Otros Gastos,"10,967.00"
603-0100-0000,PTU por Repartir,"3,084,926.01"
603-0001-0000,Sueldos y Salarios Administrativos,"537,108.38"
603-0002-0000,IVA Gastos de Adminstracion,"492,679.04"
603-0003-0000,Impuestos,"1,444,463.95"
603-0004-0000,Depreciaciones y Amortizaciones,"1,599,278.80"
603-0005-0000,Gastos de Oficina,"207,484.81"
603-0006-0000,Cuotas y Suscripciones (Empresas),"1,816,885.95"
603-0007-0000,Propaganda y Publicidad,"60,000.00"
603-0008-0000,Honorarios,"86,063.24"
603-0009-0000,Gastos Departamentos Varios,"25,100.00"
603-0010-0000,Mantenimientos Generales,"53,188.17"
603-0012-0000,Seguros,"26,469.72"
603-0013-0000,No Deducibles,"60,521.47"
603-0014-0000,Gasolina,"14,989.18"
603-0016-0000,Monitoreo y Mantenimiento de Cámaras,"130,875.00"
603-0018-0000,Convenio Laboral (ND),"50,000.00"
603-0019-0000,Comision por dispersion de vales de despensa,"5,233.70"
603-0020-0000,Siniestros (ND),"358,085.00"
603-0022-0000,Administracion de ruta transporte (Recaudo),"1,758,821.07"
603-0023-0000,Facilidades Administrativas,"53,064.00"
603-0001-0000,Sueldos y Salarios Administrativos,"532,692.77"
603-0002-0000,IVA Gastos de Adminstracion,"402,657.87"
603-0003-0000,Impuestos,"1,439,465.53"
603-0004-0000,Depreciaciones y Amortizaciones,"1,619,234.79"
603-0005-0000,Gastos de Oficina,"231,771.17"
603-0006-0000,Cuotas y Suscripciones (Empresas),"2,802,013.73"
603-0007-0000,Propaganda y Publicidad,0
603-0008-0000,Honorarios,"76,033.47"
603-0009-0000,Gastos Departamentos Varios,700
603-0010-0000,Mantenimientos Generales,"38,150.61"
603-0012-0000,Seguros,0
603-0013-0000,No Deducibles,"83,318.38"
603-0014-0000,Gasolina,"20,969.40"
603-0016-0000,Monitoreo y Mantenimiento de Cámaras,"84,375.00"
603-0019-0000,Comision por dispersion de vales de despensa,"4,707.45"
603-0020-0000,Siniestros (ND),0
603-0022-0000,Administracion de ruta transporte (Recaudo),"1,782,279.80"
603-0023-0000,Facilidades Administrativas,"4,084.00"
603-0001-0000,Sueldos y Salarios Administrativos,"731,791.95"
603-0002-0000,IVA Gastos de Adminstracion,"614,296.99"
603-0003-0000,Impuestos,"1,544,880.82"
603-0004-0000,Depreciaciones y Amortizaciones,"1,619,765.33"
603-0005-0000,Gastos de Oficina,"313,916.94"
603-0006-0000,Cuotas y Suscripciones (Empresas),"1,881,180.00"
603-0007-0000,Propaganda y Publicidad,"127,560.00"
603-0008-0000,Honorarios,"125,877.00"
603-0009-0000,Gastos Departamentos Varios,"32,679.31"
603-0010-0000,Mantenimientos Generales,"131,335.45"
603-0012-0000,Seguros,"44,842.36"
603-0013-0000,No Deducibles,"20,864.75"
603-0014-0000,Gasolina,"16,367.51"
603-0016-0000,Monitoreo y Mantenimiento de Cámaras,"84,375.00"
603-0019-0000,Comision por dispersion de vales de despensa,"5,297.76"
603-0020-0000,Siniestros (ND),0
603-0022-0000,Administracion de ruta transporte (Recaudo),"1,959,702.84"
603-0023-0000,Facilidades Administrativas,"3,744.00"
603-0001-0000,Sueldos y Salarios Administrativos,"898,968.10"
603-0002-0000,IVA Gastos de Adminstracion,"359,685.95"
603-0003-0000,Impuestos,"1,568,268.97"
603-0004-0000,Depreciaciones y Amortizaciones,"1,644,091.44"
603-0005-0000,Gastos de Oficina,"206,689.60"
603-0006-0000,Cuotas y Suscripciones (Empresas),"1,918,205.76"
603-0007-0000,Propaganda y Publicidad,"68,680.00"
603-0008-0000,Honorarios,"217,195.65"
603-0009-0000,Gastos Departamentos Varios,"56,324.13"
603-0010-0000,Mantenimientos Generales,"43,637.57"
603-0011-0000,Eventos,"18,052.07"
603-0012-0000,Seguros,0
603-0013-0000,No Deducibles,"37,218.69"
603-0014-0000,Gasolina,"18,882.34"
603-0016-0000,Monitoreo y Mantenimiento de Cámaras,"84,375.00"
603-0017-0000,Uniformes,"1,012.70"
603-0019-0000,Comision por dispersion de vales de despensa,"5,151.74"
603-0020-0000,Siniestros (ND),0
603-0022-0000,Administracion de ruta transporte (Recaudo),"1,325,579.64"
603-0023-0000,Facilidades Administrativas,"29,859.28"
603-0001-0000,Sueldos y Salarios Administrativos,"531,379.71"
603-0002-0000,IVA Gastos de Adminstracion,"795,247.71"
603-0003-0000,Impuestos,"1,569,879.76"
603-0004-0000,Depreciaciones y Amortizaciones,"1,650,002.05"
603-0005-0000,Gastos de Oficina,"232,832.77"
603-0006-0000,Cuotas y Suscripciones (Empresas),"1,510,835.00"
603-0007-0000,Propaganda y Publicidad,"60,000.00"
603-0008-0000,Honorarios,"266,474.38"
603-0009-0000,Gastos Departamentos Varios,"16,132.00"
603-0010-0000,Mantenimientos Generales,"189,129.53"
603-0011-0000,Eventos,0
603-0012-0000,Seguros,"16,024.57"
603-0013-0000,No Deducibles,810.91
603-0014-0000,Gasolina,"13,475.56"
603-0016-0000,Monitoreo y Mantenimiento de Cámaras,"84,375.00"
603-0017-0000,Uniformes,0
603-0019-0000,Comision por dispersion de vales de despensa,"5,302.34"
603-0020-0000,Siniestros (ND),0
603-0022-0000,Administracion de ruta transporte (Recaudo),"1,920,709.79"
603-0023-0000,Facilidades Administrativas,"4,160.00"
603-0001-0000,Sueldos y Salarios Administrativos,"552,957.22"
603-0002-0000,IVA Gastos de Adminstracion,"459,810.18"
603-0003-0000,Impuestos,"1,533,597.91"
603-0004-0000,Depreciaciones y Amortizaciones,"1,679,555.79"
603-0005-0000,Gastos de Oficina,"260,969.94"
603-0006-0000,Cuotas y Suscripciones (Empresas),"3,386,389.98"
603-0007-0000,Propaganda y Publicidad,"72,190.00"
603-0008-0000,Honorarios,"419,872.96"
603-0009-0000,Gastos Departamentos Varios,"16,211.65"
603-0010-0000,Mantenimientos Generales,"128,111.27"
603-0011-0000,Eventos,0
603-0012-0000,Seguros,0
603-0013-0000,No Deducibles,"25,983.20"
603-0014-0000,Gasolina,"17,759.41"
603-0016-0000,Monitoreo y Mantenimiento de Cámaras,"84,375.00"
603-0017-0000,Uniformes,0
603-0019-0000,Comision por dispersion de vales de despensa,"5,113.48"
603-0020-0000,Siniestros (ND),0
603-0022-0000,Administracion de ruta transporte (Recaudo),"1,744,266.12"
603-0023-0000,Facilidades Administrativas,"30,414.06"
603-0001-0000,Sueldos y Salarios Administrativos,"529,936.04"
603-0002-0000,IVA Gastos de Adminstracion,"437,861.36"
603-0003-0000,Impuestos,"1,577,474.65"
603-0004-0000,Depreciaciones y Amortizaciones,"1,684,106.80"
603-0005-0000,Gastos de Oficina,"316,255.48"
603-0006-0000,Cuotas y Suscripciones (Empresas),"1,943,076.85"
603-0007-0000,Propaganda y Publicidad,"60,000.00"
603-0008-0000,Honorarios,"397,477.52"
603-0009-0000,Gastos Departamentos Varios,"17,315.52"
603-0010-0000,Mantenimientos Generales,"133,349.09"
603-0011-0000,Eventos,0
603-0012-0000,Seguros,0
603-0013-0000,No Deducibles,"22,121.22"
603-0014-0000,Gasolina,"18,345.22"
603-0016-0000,Monitoreo y Mantenimiento de Cámaras,"84,375.00"
603-0017-0000,Uniformes,0
603-0019-0000,Comision por dispersion de vales de despensa,"5,228.29"
603-0020-0000,Siniestros (ND),0
603-0022-0000,Administracion de ruta transporte (Recaudo),"1,680,864.45"
603-0023-0000,Facilidades Administrativas,"11,491.82"
603-0001-0000,Sueldos y Salarios Administrativos,"575,474.96"
603-0002-0000,IVA Gastos de Adminstracion,"520,202.14"
603-0003-0000,Impuestos,"1,596,882.14"
603-0004-0000,Depreciaciones y Amortizaciones,"1,686,609.77"
603-0005-0000,Gastos de Oficina,"371,869.36"
603-0006-0000,Cuotas y Suscripciones (Empresas),"2,057,463.07"
603-0007-0000,Propaganda y Publicidad,"60,000.00"
603-0008-0000,Honorarios,"102,873.96"
603-0009-0000,Gastos Departamentos Varios,"102,507.78"
603-0010-0000,Mantenimientos Generales,"144,714.90"
603-0011-0000,Eventos,0
603-0012-0000,Seguros,"54,638.19"
603-0013-0000,No Deducibles,"37,622.68"
603-0014-0000,Gasolina,"23,496.45"
603-0016-0000,Monitoreo y Mantenimiento de Cámaras,"84,375.00"
603-0017-0000,Uniformes,"7,038.00"
603-0019-0000,Comision por dispersion de vales de despensa,"5,240.36"
603-0020-0000,Siniestros (ND),0
603-0022-0000,Administracion de ruta transporte (Recaudo),"1,925,395.86"
603-0023-0000,Facilidades Administrativas,"73,257.91"
603-0001-0000,Sueldos y Salarios Administrativos,"521,590.73"
603-0002-0000,IVA Gastos de Adminstracion,"400,750.84"
603-0003-0000,Impuestos,"1,571,141.17"
603-0004-0000,Depreciaciones y Amortizaciones,"1,701,953.82"
603-0005-0000,Gastos de Oficina,"314,956.30"
603-0006-0000,Cuotas y Suscripciones (Empresas),"1,851,154.64"
603-0007-0000,Propaganda y Publicidad,"63,100.00"
603-0008-0000,Honorarios,"116,853.07"
603-0009-0000,Gastos Departamentos Varios,"77,233.64"
603-0010-0000,Mantenimientos Generales,"119,480.24"
603-0011-0000,Eventos,"30,000.00"
603-0012-0000,Seguros,"119,703.23"
603-0013-0000,No Deducibles,"85,878.67"
603-0014-0000,Gasolina,"17,770.24"
603-0016-0000,Monitoreo y Mantenimiento de Cámaras,"84,375.00"
603-0017-0000,Uniformes,"3,080.00"
603-0019-0000,Comision por dispersion de vales de despensa,"5,119.31"
603-0020-0000,Siniestros (ND),0
603-0022-0000,Administracion de ruta transporte (Recaudo),"1,481,365.77"
603-0023-0000,Facilidades Administrativas,"52,475.00"
603-0025-0000,No Deducibles Departamento C 112,19.97
603-0001-0000,Sueldos y Salarios Administrativos,"560,427.35"
603-0002-0000,IVA Gastos de Adminstracion,"425,080.16"
603-0003-0000,Impuestos,"1,626,337.75"
603-0004-0000,Depreciaciones y Amortizaciones,"2,684,267.08"
603-0005-0000,Gastos de Oficina,"715,202.72"
603-0006-0000,Cuotas y Suscripciones (Empresas),"1,490,314.00"
603-0007-0000,Propaganda y Publicidad,"60,600.00"
603-0008-0000,Honorarios,"104,066.97"
603-0009-0000,Gastos Departamentos Varios,"202,081.71"
603-0010-0000,Mantenimientos Generales,"263,109.58"
603-0011-0000,Eventos,0
603-0012-0000,Seguros,"10,289.24"
603-0013-0000,No Deducibles,"487,383.60"
603-0014-0000,Gasolina,"16,661.73"
603-0016-0000,Monitoreo y Mantenimiento de Cámaras,"84,375.00"
603-0017-0000,Uniformes,0
603-0019-0000,Comision por dispersion de vales de despensa,"5,462.93"
603-0020-0000,Siniestros (ND),"575,000.00"
603-0022-0000,Administracion de ruta transporte (Recaudo),"1,467,685.34"
603-0023-0000,Facilidades Administrativas,"684,709.25"
603-0025-0000,No Deducibles Departamento C 112,0
603-0001-0000,Sueldos y Salarios Administrativos,"659,545.72"
603-0002-0000,IVA Gastos de Adminstracion,"652,376.72"
603-0003-0000,Impuestos,"1,613,003.43"
603-0004-0000,Depreciaciones y Amortizaciones,"2,705,509.63"
603-0005-0000,Gastos de Oficina,"257,051.54"
603-0006-0000,Cuotas y Suscripciones (Empresas),"1,531,481.50"
603-0007-0000,Propaganda y Publicidad,"61,250.00"
603-0008-0000,Honorarios,"311,131.62"
603-0009-0000,Gastos Departamentos Varios,"47,042.58"
603-0010-0000,Mantenimientos Generales,"107,313.18"
603-0011-0000,Eventos,"212,081.80"
603-0012-0000,Seguros,"750,011.44"
603-0013-0000,No Deducibles,"133,477.31"
603-0014-0000,Gasolina,"23,097.96"
603-0016-0000,Monitoreo y Mantenimiento de Cámaras,"84,375.00"
603-0017-0000,Uniformes,0
603-0019-0000,Comision por dispersion de vales de despensa,"5,408.45"
603-0020-0000,Siniestros (ND),"642,000.00"
603-0022-0000,Administracion de ruta transporte (Recaudo),"2,251,718.22"
603-0023-0000,Facilidades Administrativas,"3,859.00"
603-0025-0000,No Deducibles Departamento C 112,-0.03
603-0001-0000,Sueldos y Salarios Administrativos,"646,316.55"
603-0002-0000,IVA Gastos de Adminstracion,"635,463.95"
603-0003-0000,Impuestos,"1,812,741.15"
603-0004-0000,Depreciaciones y Amortizaciones,"3,878,909.29"
603-0005-0000,Gastos de Oficina,"722,858.40"
603-0006-0000,Cuotas y Suscripciones (Empresas),"3,593,819.64"
603-0007-0000,Propaganda y Publicidad,"60,000.00"
603-0008-0000,Honorarios,"167,722.96"
603-0009-0000,Gastos Departamentos Varios,"18,573.78"
603-0010-0000,Mantenimientos Generales,"50,135.17"
603-0011-0000,Eventos,"52,054.67"
603-0012-0000,Seguros,"1,140,856.43"
603-0013-0000,No Deducibles,"392,611.61"
603-0014-0000,Gasolina,"19,610.33"
603-0016-0000,Monitoreo y Mantenimiento de Cámaras,"84,375.00"
603-0017-0000,Uniformes,0
603-0018-0000,Convenio Laboral (ND),"118,181.20"
603-0019-0000,Comision por dispersion de vales de despensa,"5,722.92"
603-0020-0000,Siniestros (ND),"710,191.98"
603-0022-0000,Administracion de ruta transporte (Recaudo),"1,665,007.90"
603-0023-0000,Facilidades Administrativas,"3,031.68"
603-0025-0000,No Deducibles Departamento C 112,0.04
603-0100-0000,PTU por Repartir,"4,951,110.00"
603-0001-0000,Sueldos y Salarios Administrativos,"503,050.31"
603-0002-0000,IVA Gastos de Adminstracion,"512,105.01"
603-0003-0000,Impuestos,"1,739,781.38"
603-0004-0000,Depreciaciones y Amortizaciones,"3,881,526.28"
603-0005-0000,Gastos de Oficina,"393,290.95"
603-0006-0000,Cuotas y Suscripciones (Empresas),"1,474,984.00"
603-0007-0000,Propaganda y Publicidad,"60,000.00"
603-0008-0000,Honorarios,"92,242.40"
603-0009-0000,Gastos Departamentos Varios,"10,092.00"
603-0010-0000,Mantenimientos Generales,"300,536.31"
603-0012-0000,Seguros,"70,037.79"
603-0013-0000,No Deducibles,"25,848.29"
603-0014-0000,Gasolina,"16,049.94"
603-0016-0000,Monitoreo y Mantenimiento de Cámaras,"84,375.00"
603-0019-0000,Comision por dispersion de vales de despensa,"5,934.91"
603-0022-0000,Administracion de ruta transporte (Recaudo),"2,232,549.21"
603-0023-0000,Facilidades Administrativas,"53,226.00"
603-0025-0000,No Deducibles Departamento C 112,"2,499.96"
603-0001-0000,Sueldos y Salarios Administrativos,"795,074.13"
603-0002-0000,IVA Gastos de Adminstracion,"559,550.52"
603-0003-0000,Impuestos,"1,911,389.71"
603-0004-0000,Depreciaciones y Amortizaciones,"3,830,653.73"
603-0005-0000,Gastos de Oficina,"269,099.09"
603-0006-0000,Cuotas y Suscripciones (Empresas),"2,552,562.92"
603-0007-0000,Propaganda y Publicidad,"236,495.10"
603-0008-0000,Honorarios,"211,759.67"
603-0009-0000,Gastos Departamentos Varios,"154,695.61"
603-0010-0000,Mantenimientos Generales,"348,628.18"
603-0011-0000,Eventos,"116,799.60"
603-0012-0000,Seguros,0
603-0013-0000,No Deducibles,"101,796.29"
603-0014-0000,Gasolina,"148,765.80"
603-0016-0000,Monitoreo y Mantenimiento de Cámaras,"84,375.00"
603-0018-0000,Convenio Laboral (ND),"50,000.00"
603-0019-0000,Comision por dispersion de vales de despensa,"5,536.74"
603-0020-0000,Siniestros (ND),"440,000.00"
603-0022-0000,Administracion de ruta transporte (Recaudo),"1,968,748.65"
603-0023-0000,Facilidades Administrativas,"51,656.00"
603-0025-0000,No Deducibles Departamento C 112,"2,499.94"
603-0001-0000,Sueldos y Salarios Administrativos,"595,352.59"
603-0002-0000,IVA Gastos de Adminstracion,"615,344.71"
603-0003-0000,Impuestos,"1,776,413.96"
603-0004-0000,Depreciaciones y Amortizaciones,"4,520,477.38"
603-0005-0000,Gastos de Oficina,"605,477.44"
603-0006-0000,Cuotas y Suscripciones (Empresas),"2,147,120.41"
603-0007-0000,Propaganda y Publicidad,"178,500.00"
603-0008-0000,Honorarios,"379,902.82"
603-0009-0000,Gastos Departamentos Varios,"133,317.85"
603-0010-0000,Mantenimientos Generales,"298,407.11"
603-0011-0000,Eventos,"472,365.11"
603-0012-0000,Seguros,"5,414.27"
603-0013-0000,No Deducibles,"27,986.44"
603-0014-0000,Gasolina,"21,806.05"
603-0016-0000,Monitoreo y Mantenimiento de Cámaras,"84,375.00"
603-0018-0000,Convenio Laboral (ND),0
603-0019-0000,Comision por dispersion de vales de despensa,"5,857.37"
603-0020-0000,Siniestros (ND),"995,000.00"
603-0022-0000,Administracion de ruta transporte (Recaudo),"1,861,466.10"
603-0023-0000,Facilidades Administrativas,"103,021.00"
603-0025-0000,No Deducibles Departamento C 112,0.23
603-0001-0000,Sueldos y Salarios Administrativos,"530,107.61"
603-0002-0000,IVA Gastos de Adminstracion,"305,167.17"
603-0003-0000,Impuestos,"1,670,751.92"
603-0004-0000,Depreciaciones y Amortizaciones,"4,539,034.00"
603-0005-0000,Gastos de Oficina,"-89,405.08"
603-0006-0000,Cuotas y Suscripciones (Empresas),"1,868,148.49"
603-0007-0000,Propaganda y Publicidad,"83,284.50"
603-0008-0000,Honorarios,"359,782.80"
603-0009-0000,Gastos Departamentos Varios,"97,295.00"
603-0010-0000,Mantenimientos Generales,"76,260.45"
603-0011-0000,Eventos,"35,670.47"
603-0012-0000,Seguros,"15,968.71"
603-0013-0000,No Deducibles,"138,520.10"
603-0014-0000,Gasolina,"22,979.27"
603-0016-0000,Monitoreo y Mantenimiento de Cámaras,"84,375.00"
603-0018-0000,Convenio Laboral (ND),0
603-0019-0000,Comision por dispersion de vales de despensa,"5,523.28"
603-0020-0000,Siniestros (ND),"599,750.00"
603-0022-0000,Administracion de ruta transporte (Recaudo),"1,381,363.36"
603-0023-0000,Facilidades Administrativas,"56,732.00"
603-0025-0000,No Deducibles Departamento C 112,"2,500.05"
603-0001-0000,Sueldos y Salarios Administrativos,"550,170.77"
603-0002-0000,IVA Gastos de Adminstracion,"637,141.20"
603-0003-0000,Impuestos,"1,763,269.93"
603-0004-0000,Depreciaciones y Amortizaciones,"4,540,076.98"
603-0005-0000,Gastos de Oficina,"287,274.67"
603-0006-0000,Cuotas y Suscripciones (Empresas),"1,776,224.00"
603-0007-0000,Propaganda y Publicidad,"72,894.50"
603-0008-0000,Honorarios,"1,167,365.72"
603-0009-0000,Gastos Departamentos Varios,"75,151.90"
603-0010-0000,Mantenimientos Generales,"96,765.33"
603-0011-0000,Eventos,"6,066.00"
603-0012-0000,Seguros,"59,144.58"
603-0013-0000,No Deducibles,"50,206.62"
603-0014-0000,Gasolina,"25,788.69"
603-0016-0000,Monitoreo y Mantenimiento de Cámaras,"84,375.00"
603-0018-0000,Convenio Laboral (ND),0
603-0019-0000,Comision por dispersion de vales de despensa,"5,746.43"
603-0020-0000,Siniestros (ND),"701,000.00"
603-0022-0000,Administracion de ruta transporte (Recaudo),"2,241,181.86"
603-0023-0000,Facilidades Administrativas,"103,207.00"
603-0025-0000,No Deducibles Departamento C 112,-0.07
603-0001-0000,Sueldos y Salarios Administrativos,"532,612.70"
603-0002-0000,IVA Gastos de Adminstracion,"519,458.30"
603-0003-0000,Impuestos,"1,824,161.67"
603-0004-0000,Depreciaciones y Amortizaciones,"4,534,621.42"
603-0005-0000,Gastos de Oficina,"288,162.76"
603-0006-0000,Cuotas y Suscripciones (Empresas),"300,000.00"
603-0007-0000,Propaganda y Publicidad,"102,498.00"
603-0008-0000,Honorarios,"338,975.57"
603-0009-0000,Gastos Departamentos Varios,"46,374.86"
603-0010-0000,Mantenimientos Generales,"82,312.49"
603-0011-0000,Eventos,"101,678.85"
603-0012-0000,Seguros,0
603-0013-0000,No Deducibles,"1,636,036.03"
603-0014-0000,Gasolina,"24,938.30"
603-0016-0000,Monitoreo y Mantenimiento de Cámaras,"140,030.00"
603-0017-0000,Uniformes,"1,474.00"
603-0018-0000,Convenio Laboral (ND),0
603-0019-0000,Comision por dispersion de vales de despensa,"5,624.69"
603-0020-0000,Siniestros (ND),"250,000.00"
603-0022-0000,Administracion de ruta transporte (Recaudo),"1,683,479.61"
603-0023-0000,Facilidades Administrativas,"202,521.00"
603-0025-0000,No Deducibles Departamento C 112,-0.12
603-0001-0000,Sueldos y Salarios Administrativos,"547,783.01"
603-0002-0000,IVA Gastos de Adminstracion,"435,280.44"
603-0003-0000,Impuestos,"1,829,524.09"
603-0004-0000,Depreciaciones y Amortizaciones,"4,548,673.86"
603-0005-0000,Gastos de Oficina,"309,882.75"
603-0006-0000,Cuotas y Suscripciones (Empresas),"3,847,481.75"
603-0007-0000,Propaganda y Publicidad,"60,350.00"
603-0008-0000,Honorarios,"109,359.59"
603-0009-0000,Gastos Departamentos Varios,"219,493.57"
603-0010-0000,Mantenimientos Generales,"50,815.98"
603-0011-0000,Eventos,0
603-0012-0000,Seguros,0
603-0013-0000,No Deducibles,"37,530.71"
603-0014-0000,Gasolina,"57,606.25"
603-0016-0000,Monitoreo y Mantenimiento de Cámaras,"140,030.00"
603-0017-0000,Uniformes,0
603-0018-0000,Convenio Laboral (ND),0
603-0019-0000,Comision por dispersion de vales de despensa,"5,805.37"
603-0020-0000,Siniestros (ND),0
603-0022-0000,Administracion de ruta transporte (Recaudo),"2,088,911.58"
603-0023-0000,Facilidades Administrativas,"202,966.30"
603-0025-0000,No Deducibles Departamento C 112,205.22
603-0001-0000,Sueldos y Salarios Administrativos,"551,164.92"
603-0002-0000,IVA Gastos de Adminstracion,"446,335.28"
603-0003-0000,Impuestos,"1,934,091.00"
603-0004-0000,Depreciaciones y Amortizaciones,"4,554,954.19"
603-0005-0000,Gastos de Oficina,"639,461.35"
603-0006-0000,Cuotas y Suscripciones (Empresas),"2,653,247.57"
603-0007-0000,Propaganda y Publicidad,"60,000.00"
603-0008-0000,Honorarios,"110,609.44"
603-0009-0000,Gastos Departamentos Varios,"137,839.82"
603-0010-0000,Mantenimientos Generales,"43,905.31"
603-0011-0000,Eventos,0
603-0012-0000,Seguros,"14,656.68"
603-0013-0000,No Deducibles,"113,265.77"
603-0014-0000,Gasolina,"73,845.06"
603-0016-0000,Monitoreo y Mantenimiento de Cámaras,"109,900.00"
603-0017-0000,Uniformes,0
603-0018-0000,Convenio Laboral (ND),0
603-0019-0000,Comision por dispersion de vales de despensa,"5,851.73"
603-0020-0000,Siniestros (ND),"790,000.00"
603-0022-0000,Administracion de ruta transporte (Recaudo),"1,815,630.12"
603-0023-0000,Facilidades Administrativas,"151,531.00"
603-0025-0000,No Deducibles Departamento C 112,"10,512.92"
603-0001-0000,Sueldos y Salarios Administrativos,"540,146.04"
603-0002-0000,IVA Gastos de Adminstracion,"502,167.60"
603-0003-0000,Impuestos,"1,847,148.03"
603-0004-0000,Depreciaciones y Amortizaciones,"4,573,329.77"
603-0005-0000,Gastos de Oficina,"583,059.70"
603-0006-0000,Cuotas y Suscripciones (Empresas),"1,991,632.44"
603-0007-0000,Propaganda y Publicidad,"60,000.00"
603-0008-0000,Honorarios,"413,495.42"
603-0009-0000,Gastos Departamentos Varios,"171,511.96"
603-0010-0000,Mantenimientos Generales,"78,729.92"
603-0011-0000,Eventos,"5,568.00"
603-0012-0000,Seguros,0
603-0013-0000,No Deducibles,"255,645.01"
603-0014-0000,Gasolina,"41,389.48"
603-0016-0000,Monitoreo y Mantenimiento de Cámaras,"109,900.00"
603-0017-0000,Uniformes,"2,152.00"
603-0018-0000,Convenio Laboral (ND),0
603-0019-0000,Comision por dispersion de vales de despensa,"5,691.86"
603-0020-0000,Siniestros (ND),"397,000.00"
603-0022-0000,Administracion de ruta transporte (Recaudo),"1,931,660.46"
603-0023-0000,Facilidades Administrativas,"54,100.00"
603-0025-0000,No Deducibles Departamento C 112,144.86
603-0001-0000,Sueldos y Salarios Administrativos,"535,013.97"
603-0002-0000,IVA Gastos de Adminstracion,"896,616.23"
603-0003-0000,Impuestos,"1,789,479.81"
603-0004-0000,Depreciaciones y Amortizaciones,"4,574,550.63"
603-0005-0000,Gastos de Oficina,"372,820.86"
603-0006-0000,Cuotas y Suscripciones (Empresas),"2,642,607.61"
603-0007-0000,Propaganda y Publicidad,"60,000.00"
603-0008-0000,Honorarios,"205,532.76"
603-0009-0000,Gastos Departamentos Varios,"73,098.42"
603-0010-0000,Mantenimientos Generales,"75,017.93"
603-0011-0000,Eventos,0
603-0012-0000,Seguros,"1,179,164.36"
603-0013-0000,No Deducibles,"172,167.74"
603-0014-0000,Gasolina,"65,271.97"
603-0016-0000,Monitoreo y Mantenimiento de Cámaras,"109,900.00"
603-0017-0000,Uniformes,0
603-0018-0000,Convenio Laboral (ND),"46,524.70"
603-0019-0000,Comision por dispersion de vales de despensa,"5,815.32"
603-0020-0000,Siniestros (ND),"1,054,045.22"
603-0022-0000,Administracion de ruta transporte (Recaudo),"2,380,693.92"
603-0023-0000,Facilidades Administrativas,"4,101.00"
603-0025-0000,No Deducibles Departamento C 112,"2,940.05"
603-0001-0000,Sueldos y Salarios Administrativos,"520,016.94"
603-0002-0000,IVA Gastos de Adminstracion,"536,592.43"
603-0003-0000,Impuestos,"1,377,806.88"
603-0004-0000,Depreciaciones y Amortizaciones,"4,591,509.53"
603-0005-0000,Gastos de Oficina,"329,345.55"
603-0006-0000,Cuotas y Suscripciones (Empresas),"2,341,241.14"
603-0007-0000,Propaganda y Publicidad,"60,000.00"
603-0008-0000,Honorarios,"64,848.42"
603-0009-0000,Gastos Departamentos Varios,"103,171.07"
603-0010-0000,Mantenimientos Generales,"128,451.49"
603-0011-0000,Eventos,"34,297.76"
603-0012-0000,Seguros,"49,942.56"
603-0013-0000,No Deducibles,"80,634.25"
603-0014-0000,Gasolina,"644,701.66"
603-0016-0000,Monitoreo y Mantenimiento de Cámaras,"109,900.00"
603-0017-0000,Uniformes,"5,488.00"
603-0018-0000,Convenio Laboral (ND),0
603-0019-0000,Comision por dispersion de vales de despensa,"5,477.78"
603-0020-0000,Siniestros (ND),"770,000.00"
603-0022-0000,Administracion de ruta transporte (Recaudo),"1,869,663.84"
603-0023-0000,Facilidades Administrativas,"3,950.00"
603-0025-0000,No Deducibles Departamento C 112,"2,500.00"
603-0001-0000,Sueldos y Salarios Administrativos,"621,413.42"
603-0002-0000,IVA Gastos de Adminstracion,"506,383.18"
603-0003-0000,Impuestos,"2,321,681.46"
603-0004-0000,Depreciaciones y Amortizaciones,"4,855,428.77"
603-0005-0000,Gastos de Oficina,"411,866.92"
603-0006-0000,Cuotas y Suscripciones (Empresas),"357,320.00"
603-0007-0000,Propaganda y Publicidad,"60,000.00"
603-0008-0000,Honorarios,"46,467.01"
603-0009-0000,Gastos Departamentos Varios,"81,945.52"
603-0010-0000,Mantenimientos Generales,"310,699.40"
603-0011-0000,Eventos,"222,066.27"
603-0012-0000,Seguros,"91,657.75"
603-0013-0000,No Deducibles,"634,762.80"
603-0014-0000,Gasolina,"30,797.45"
603-0016-0000,Monitoreo y Mantenimiento de Cámaras,"109,900.00"
603-0017-0000,Uniformes,0
603-0018-0000,Convenio Laboral (ND),0
603-0019-0000,Comision por dispersion de vales de despensa,"5,569.21"
603-0020-0000,Siniestros (ND),"400,000.00"
603-0022-0000,Administracion de ruta transporte (Recaudo),"1,884,442.80"
603-0023-0000,Facilidades Administrativas,"4,187.00"
603-0025-0000,No Deducibles Departamento C 112,"2,500.00"
603-0100-0000,PTU por Repartir,"53,250.00"
603-0001-0000,Sueldos y Salarios Administrativos,"566,149.12"
603-0002-0000,IVA Gastos de Adminstracion,"622,420.29"
603-0003-0000,Impuestos,"1,833,954.90"
603-0004-0000,Depreciaciones y Amortizaciones,"4,593,077.55"
603-0005-0000,Gastos de Oficina,"328,169.00"
603-0007-0000,Propaganda y Publicidad,"60,000.00"
603-0008-0000,Honorarios,"209,231.16"
603-0009-0000,Gastos Departamentos Varios,"31,178.28"
603-0010-0000,Mantenimientos Generales,"275,513.10"
603-0012-0000,Seguros,"884,516.69"
603-0013-0000,No Deducibles,"13,890.48"
603-0014-0000,Gasolina,"42,290.82"
603-0016-0000,Monitoreo y Mantenimiento de Cámaras,"109,900.00"
603-0019-0000,Comision por dispersion de vales de despensa,"5,397.60"
603-0020-0000,Siniestros (ND),"735,500.00"
603-0022-0000,Administracion de ruta transporte (Recaudo),"2,057,053.05"
603-0023-0000,Facilidades Administrativas,"53,536.00"
603-0001-0000,Sueldos y Salarios Administrativos,"516,647.12"
603-0002-0000,IVA Gastos de Adminstracion,"441,004.21"
603-0003-0000,Impuestos,"1,942,400.46"
603-0004-0000,Depreciaciones y Amortizaciones,"4,593,914.30"
603-0005-0000,Gastos de Oficina,"318,800.44"
603-0006-0000,Cuotas y Suscripciones (Empresas),"15,000.00"
603-0007-0000,Propaganda y Publicidad,"60,450.00"
603-0008-0000,Honorarios,"98,921.08"
603-0009-0000,Gastos Departamentos Varios,"54,994.11"
603-0010-0000,Mantenimientos Generales,"331,040.18"
603-0012-0000,Seguros,0
603-0013-0000,No Deducibles,"703,649.46"
603-0014-0000,Gasolina,"43,562.42"
603-0016-0000,Monitoreo y Mantenimiento de Cámaras,"109,900.00"
603-0019-0000,Comision por dispersion de vales de despensa,"4,855.50"
603-0020-0000,Siniestros (ND),"153,600.00"
603-0022-0000,Administracion de ruta transporte (Recaudo),"1,858,846.33"
603-0023-0000,Facilidades Administrativas,"153,449.00"
603-0001-0000,Sueldos y Salarios Administrativos,"611,212.08"
603-0002-0000,IVA Gastos de Adminstracion,"426,427.75"
603-0003-0000,Impuestos,"2,015,405.40"
603-0004-0000,Depreciaciones y Amortizaciones,"4,598,709.00"
603-0005-0000,Gastos de Oficina,"391,758.99"
603-0006-0000,Cuotas y Suscripciones (Empresas),0
603-0007-0000,Propaganda y Publicidad,"60,000.00"
603-0008-0000,Honorarios,"298,661.77"
603-0009-0000,Gastos Departamentos Varios,"117,615.93"
603-0010-0000,Mantenimientos Generales,"40,383.47"
603-0011-0000,Eventos,"31,372.41"
603-0012-0000,Seguros,0
603-0013-0000,No Deducibles,"-241,980.61"
603-0014-0000,Gasolina,"35,501.31"
603-0016-0000,Monitoreo y Mantenimiento de Cámaras,"109,900.00"
603-0019-0000,Comision por dispersion de vales de despensa,"5,440.93"
603-0020-0000,Siniestros (ND),"810,000.00"
603-0022-0000,Administracion de ruta transporte (Recaudo),"1,678,676.59"
603-0023-0000,Facilidades Administrativas,"103,733.00"
603-0001-0000,Sueldos y Salarios Administrativos,"1,238,518.93"
603-0002-0000,IVA Gastos de Adminstracion,"455,044.21"
603-0003-0000,Impuestos,"1,978,095.67"
603-0004-0000,Depreciaciones y Amortizaciones,"4,584,318.46"
603-0005-0000,Gastos de Oficina,"347,605.09"
603-0006-0000,Cuotas y Suscripciones (Empresas),0
603-0007-0000,Propaganda y Publicidad,"69,169.80"
603-0008-0000,Honorarios,"139,180.15"
603-0009-0000,Gastos Departamentos Varios,"19,080.00"
603-0010-0000,Mantenimientos Generales,"131,015.60"
603-0011-0000,Eventos,"68,636.13"
603-0012-0000,Seguros,0
603-0013-0000,No Deducibles,"116,483.93"
603-0014-0000,Gasolina,"38,158.92"
603-0016-0000,Monitoreo y Mantenimiento de Cámaras,"109,900.00"
603-0019-0000,Comision por dispersion de vales de despensa,"5,307.05"
603-0020-0000,Siniestros (ND),"686,000.00"
603-0022-0000,Administracion de ruta transporte (Recaudo),"1,986,049.36"
603-0023-0000,Facilidades Administrativas,"102,960.00"
603-0001-0000,Sueldos y Salarios Administrativos,"1,473,780.20"
603-0002-0000,IVA Gastos de Adminstracion,"407,542.15"
603-0003-0000,Impuestos,"2,112,850.27"
603-0004-0000,Depreciaciones y Amortizaciones,"4,584,478.63"
603-0005-0000,Gastos de Oficina,"372,602.84"
603-0006-0000,Cuotas y Suscripciones (Empresas),"12,992,416.45"
603-0007-0000,Propaganda y Publicidad,"60,000.00"
603-0008-0000,Honorarios,"941,313.37"
603-0009-0000,Gastos Departamentos Varios,"32,851.60"
603-0010-0000,Mantenimientos Generales,"57,463.17"
603-0011-0000,Eventos,"12,345.00"
603-0012-0000,Seguros,0
603-0013-0000,No Deducibles,"266,212.35"
603-0014-0000,Gasolina,"50,256.00"
603-0016-0000,Monitoreo y Mantenimiento de Cámaras,"109,900.00"
603-0019-0000,Comision por dispersion de vales de despensa,"5,522.40"
603-0020-0000,Siniestros (ND),"1,191,650.00"
603-0022-0000,Administracion de ruta transporte (Recaudo),"1,831,244.70"
603-0023-0000,Facilidades Administrativas,"103,210.00"
603-0001-0000,Sueldos y Salarios Administrativos,"1,288,792.09"
603-0002-0000,IVA Gastos de Adminstracion,"289,882.84"
603-0003-0000,Impuestos,"1,985,757.56"
603-0004-0000,Depreciaciones y Amortizaciones,"4,584,478.63"
603-0005-0000,Gastos de Oficina,"442,895.01"
603-0006-0000,Cuotas y Suscripciones (Empresas),"2,225,420.80"
603-0007-0000,Propaganda y Publicidad,"62,729.00"
603-0008-0000,Honorarios,"91,749.48"
603-0009-0000,Gastos Departamentos Varios,"3,300.00"
603-0010-0000,Mantenimientos Generales,"57,032.52"
603-0011-0000,Eventos,"22,751.72"
603-0012-0000,Seguros,0
603-0013-0000,No Deducibles,"1,074,036.16"
603-0014-0000,Gasolina,"44,946.46"
603-0016-0000,Monitoreo y Mantenimiento de Cámaras,"109,900.00"
603-0019-0000,Comision por dispersion de vales de despensa,"5,331.32"
603-0020-0000,Siniestros (ND),"250,000.00"
603-0022-0000,Administracion de ruta transporte (Recaudo),"1,025,668.06"
603-0023-0000,Facilidades Administrativas,"102,591.00"
603-0001-0000,Sueldos y Salarios Administrativos,"651,404.58"
603-0002-0000,IVA Gastos de Adminstracion,"547,587.93"
603-0003-0000,Impuestos,"2,151,497.91"
603-0004-0000,Depreciaciones y Amortizaciones,"4,586,376.26"
603-0005-0000,Gastos de Oficina,"339,765.16"
603-0006-0000,Cuotas y Suscripciones (Empresas),"2,632,434.32"
603-0007-0000,Propaganda y Publicidad,"175,039.90"
603-0008-0000,Honorarios,"914,335.22"
603-0009-0000,Gastos Departamentos Varios,"127,994.72"
603-0010-0000,Mantenimientos Generales,"202,156.74"
603-0011-0000,Eventos,"3,020.00"
603-0012-0000,Seguros,"6,277.91"
603-0013-0000,No Deducibles,"181,999.24"
603-0014-0000,Gasolina,"56,851.36"
603-0016-0000,Monitoreo y Mantenimiento de Cámaras,"109,900.00"
603-0019-0000,Comision por dispersion de vales de despensa,"5,500.73"
603-0020-0000,Siniestros (ND),"890,700.00"
603-0022-0000,Administracion de ruta transporte (Recaudo),"1,473,021.73"
603-0023-0000,Facilidades Administrativas,"102,588.00"
603-0001-0000,Sueldos y Salarios Administrativos,"691,803.90"
603-0002-0000,IVA Gastos de Adminstracion,"609,621.52"
603-0003-0000,Impuestos,"2,553,630.96"
603-0004-0000,Depreciaciones y Amortizaciones,"4,591,768.69"
603-0005-0000,Gastos de Oficina,"595,382.89"
603-0006-0000,Cuotas y Suscripciones (Empresas),"1,969,561.95"
603-0007-0000,Propaganda y Publicidad,"108,802.04"
603-0008-0000,Honorarios,"751,937.93"
603-0009-0000,Gastos Departamentos Varios,"40,338.60"
603-0010-0000,Mantenimientos Generales,"388,753.58"
603-0011-0000,Eventos,"79,110.82"
603-0012-0000,Seguros,0
603-0013-0000,No Deducibles,"416,788.22"
603-0014-0000,Gasolina,"52,840.31"
603-0016-0000,Monitoreo y Mantenimiento de Cámaras,"109,900.00"
603-0019-0000,Comision por dispersion de vales de despensa,"5,508.10"
603-0020-0000,Siniestros (ND),"547,000.00"
603-0022-0000,Administracion de ruta transporte (Recaudo),"1,768,353.75"
603-0023-0000,Facilidades Administrativas,"102,712.00"
603-0001-0000,Sueldos y Salarios Administrativos,"667,716.40"
603-0002-0000,IVA Gastos de Adminstracion,"482,432.10"
603-0003-0000,Impuestos,"2,193,935.92"
603-0004-0000,Depreciaciones y Amortizaciones,"4,592,040.54"
603-0005-0000,Gastos de Oficina,"354,384.92"
603-0006-0000,Cuotas y Suscripciones (Empresas),"2,782,161.37"
603-0007-0000,Propaganda y Publicidad,"60,000.00"
603-0008-0000,Honorarios,"378,443.34"
603-0009-0000,Gastos Departamentos Varios,"353,246.89"
603-0010-0000,Mantenimientos Generales,"160,039.23"
603-0011-0000,Eventos,"13,600.00"
603-0012-0000,Seguros,"7,746.12"
603-0013-0000,No Deducibles,"44,843.24"
603-0014-0000,Gasolina,"56,401.98"
603-0016-0000,Monitoreo y Mantenimiento de Cámaras,"111,624.12"
603-0019-0000,Comision por dispersion de vales de despensa,"5,412.35"
603-0020-0000,Siniestros (ND),"1,120,000.00"
603-0022-0000,Administracion de ruta transporte (Recaudo),"1,858,803.06"
603-0023-0000,Facilidades Administrativas,"103,755.00"
603-0001-0000,Sueldos y Salarios Administrativos,"677,604.69"
603-0002-0000,IVA Gastos de Adminstracion,"744,018.76"
603-0003-0000,Impuestos,"1,828,471.00"
603-0004-0000,Depreciaciones y Amortizaciones,"4,591,999.01"
603-0005-0000,Gastos de Oficina,"403,210.33"
603-0006-0000,Cuotas y Suscripciones (Empresas),"2,366,209.89"
603-0007-0000,Propaganda y Publicidad,"60,000.00"
603-0008-0000,Honorarios,"146,098.14"
603-0009-0000,Gastos Departamentos Varios,"193,271.87"
603-0010-0000,Mantenimientos Generales,"190,560.92"
603-0011-0000,Eventos,"51,810.00"
603-0012-0000,Seguros,"1,250,133.28"
603-0013-0000,No Deducibles,"1,185,101.30"
603-0014-0000,Gasolina,"77,197.72"
603-0016-0000,Monitoreo y Mantenimiento de Cámaras,"109,900.00"
603-0017-0000,Uniformes,"2,895.00"
603-0019-0000,Comision por dispersion de vales de despensa,"5,596.99"
603-0020-0000,Siniestros (ND),"1,174,400.00"
603-0022-0000,Administracion de ruta transporte (Recaudo),"2,383,987.38"
603-0023-0000,Facilidades Administrativas,"71,466.00"
603-0001-0000,Sueldos y Salarios Administrativos,"666,463.44"
603-0002-0000,IVA Gastos de Adminstracion,"598,466.41"
603-0003-0000,Impuestos,"2,014,824.43"
603-0004-0000,Depreciaciones y Amortizaciones,"4,592,393.73"
603-0005-0000,Gastos de Oficina,"340,482.46"
603-0006-0000,Cuotas y Suscripciones (Empresas),"1,885,745.21"
603-0007-0000,Propaganda y Publicidad,"60,000.00"
603-0008-0000,Honorarios,"350,660.27"
603-0009-0000,Gastos Departamentos Varios,"95,753.48"
603-0010-0000,Mantenimientos Generales,"403,794.76"
603-0011-0000,Eventos,"271,330.95"
603-0012-0000,Seguros,"8,475.68"
603-0013-0000,No Deducibles,"763,206.38"
603-0014-0000,Gasolina,"60,737.72"
603-0016-0000,Monitoreo y Mantenimiento de Cámaras,"109,900.00"
603-0017-0000,Uniformes,"65,172.00"
603-0019-0000,Comision por dispersion de vales de despensa,"5,511.58"
603-0020-0000,Siniestros (ND),0
603-0022-0000,Administracion de ruta transporte (Recaudo),"1,856,592.60"
603-0023-0000,Facilidades Administrativas,0
603-0001-0000,Sueldos y Salarios Administrativos,"845,913.81"
603-0002-0000,IVA Gastos de Adminstracion,"530,737.61"
603-0003-0000,Impuestos,"2,192,319.17"
603-0004-0000,Depreciaciones y Amortizaciones,"4,603,933.22"
603-0005-0000,Gastos de Oficina,"300,144.23"
603-0006-0000,Cuotas y Suscripciones (Empresas),"4,973,579.00"
603-0007-0000,Propaganda y Publicidad,"61,830.00"
603-0008-0000,Honorarios,"530,708.39"
603-0009-0000,Gastos Departamentos Varios,"158,418.39"
603-0010-0000,Mantenimientos Generales,"272,888.33"
603-0011-0000,Eventos,"30,100.00"
603-0012-0000,Seguros,"100,609.80"
603-0013-0000,No Deducibles,"181,289.99"
603-0014-0000,Gasolina,"57,230.91"
603-0016-0000,Monitoreo y Mantenimiento de Cámaras,"109,900.00"
603-0017-0000,Uniformes,0
603-0019-0000,Comision por dispersion de vales de despensa,"5,643.30"
603-0020-0000,Siniestros (ND),"1,025,000.00"
603-0022-0000,Administracion de ruta transporte (Recaudo),"1,885,114.81"
603-0023-0000,Facilidades Administrativas,0
603-0100-0000,PTU por Repartir,"4,844,737.00"
